{
  "name": "KL1 Council Cycle \u2192 Ledger \u2192 Email Digest",
  "notes": "Import into n8n. Configure BASE_URL + EMAIL creds. Cron triggers cycle. Then GET next-run. Then email.",
  "nodes": [
    {
      "name": "Cron",
      "type": "n8n-nodes-base.cron",
      "parameters": {
        "triggerTimes": [
          {
            "mode": "everyHour"
          }
        ]
      }
    },
    {
      "name": "Run Council Cycle",
      "type": "n8n-nodes-base.httpRequest",
      "parameters": {
        "method": "POST",
        "url": "={{$env.BASE_URL + '/v1/council/cycle'}}",
        "responseFormat": "json"
      }
    },
    {
      "name": "Get Next Run",
      "type": "n8n-nodes-base.httpRequest",
      "parameters": {
        "method": "GET",
        "url": "={{$env.BASE_URL + '/v1/next-run'}}",
        "responseFormat": "json"
      }
    },
    {
      "name": "Format Email",
      "type": "n8n-nodes-base.code",
      "parameters": {
        "jsCode": "const out = items[0].json; const next = items[1].json; return [{json:{subject:'KL1 Daily Digest', body: JSON.stringify({out,next},null,2)}}];"
      }
    },
    {
      "name": "Send Email",
      "type": "n8n-nodes-base.emailSend",
      "parameters": {
        "fromEmail": "={{$env.EMAIL_FROM}}",
        "toEmail": "={{$env.EMAIL_TO}}",
        "subject": "={{$json.subject}}",
        "text": "={{$json.body}}"
      }
    }
  ],
  "connections": {
    "Cron": {
      "main": [
        [
          {
            "node": "Run Council Cycle",
            "type": "main",
            "index": 0
          }
        ]
      ]
    },
    "Run Council Cycle": {
      "main": [
        [
          {
            "node": "Get Next Run",
            "type": "main",
            "index": 0
          }
        ]
      ]
    },
    "Get Next Run": {
      "main": [
        [
          {
            "node": "Format Email",
            "type": "main",
            "index": 0
          }
        ]
      ]
    },
    "Format Email": {
      "main": [
        [
          {
            "node": "Send Email",
            "type": "main",
            "index": 0
          }
        ]
      ]
    }
  }
}